{"N_obs": 6, "y": [0.03098312222222223, 0.02921848181818181, 0.02956541111111112, 0.014129033333333338, 0.005882254545454545, 0.0112027], "u": [0.5, 0.5, 0.5, 2, 2, 2], "v": [2, 2, 2, 200, 200, 200], "group": [1, 2, 3, 1, 2, 3]}