{"N_obs": 1194, "y": [0.45018, 1.0687200000000001, 0.44460999999999995, 0.41245, 0.41054, 0.64002, 0.40049999999999997, 0.52977, 0.52872, 0.57907, 1.43664, 0.43715000000000004, 0.41177, 0.84198, 0.7364200000000001, 0.406, 0.43734000000000006, 0.449, 0.49646999999999997, 0.4251, 0.72733, 0.6206200000000001, 0.7136899999999999, 0.5646800000000001, 0.47364, 0.58294, 0.58747, 0.46343, 0.5806, 2.43272, 2.32043, 2.12915, 1.6107900000000002, 0.40499999999999997, 0.83157, 0.4615, 0.50346, 0.42765, 0.68408, 0.50346, 0.71712, 0.59741, 0.6222300000000001, 0.6879500000000001, 0.52977, 0.62052, 1.1469200000000002, 1.52407, 0.6623, 0.6929799999999999, 0.8742800000000001, 0.51293, 0.46090000000000003, 0.65827, 0.44526, 0.59171, 0.5665199999999999, 0.5759799999999999, 0.98019, 0.5722200000000001, 1.633, 0.44392, 0.42366000000000004, 0.46363000000000004, 0.40025, 0.40273000000000003, 0.4246, 0.8123800000000001, 0.42852999999999997, 0.47041, 0.46099, 0.50798, 1.01298, 0.44758000000000003, 0.41437, 0.4251, 0.42229, 2.3107599999999997, 1.2517099999999999, 0.42622, 1.35426, 0.40258000000000005, 0.59034, 0.41076999999999997, 0.5073700000000001, 0.43356, 0.40499999999999997, 0.44526, 0.45700999999999997, 0.43715000000000004, 0.8741000000000001, 0.5300499999999999, 0.56724, 0.44392, 1.63675, 0.7174, 0.5062800000000001, 0.7913, 0.45786000000000004, 0.7015, 1.31786, 2.05905, 0.5164099999999999, 0.8670100000000001, 0.58129, 0.43044, 0.4889, 0.8383099999999999, 0.49446, 0.5039100000000001, 3.14701, 0.63666, 0.5073700000000001, 1.15593, 0.41545999999999994, 0.50085, 0.69892, 0.61016, 0.40025, 0.501, 0.42113999999999996, 0.46198999999999996, 0.40499999999999997, 0.6623, 0.6006400000000001, 1.07554, 0.8049499999999999, 0.74631, 1.0661800000000001, 0.45741999999999994, 0.60829, 1.84641, 0.48627999999999993, 1.27894, 0.53791, 0.71248, 1.12391, 1.3508799999999999, 0.45623, 3.4033599999999997, 0.53302, 1.51363, 0.58994, 1.67726, 0.44198, 1.1332, 0.48485000000000006, 0.4818, 0.61763, 0.40777, 0.56247, 2.35284, 0.44731, 0.70889, 1.06122, 0.57415, 1.13943, 0.64396, 0.4414, 0.73736, 0.76218, 0.87953, 0.47768999999999995, 0.57403, 0.4058, 0.41527, 0.80238, 0.40517000000000003, 0.6845, 0.5775, 0.61878, 0.40273000000000003, 0.62739, 0.41518, 1.22202, 0.41666000000000003, 0.41393, 0.44773, 5.4055800000000005, 0.57532, 0.41229, 0.60035, 0.45809, 0.41666000000000003, 0.58727, 0.5378700000000001, 0.60103, 0.44198, 0.642, 1.84641, 0.41922000000000004, 0.4638, 0.52721, 0.58127, 0.50718, 0.7199800000000001, 0.45654, 1.0833300000000001, 0.42513999999999996, 0.48703, 0.58142, 0.61523, 0.48955, 0.45236, 1.07317, 0.66621, 0.4058, 0.65724, 0.83242, 0.99775, 0.53558, 0.57532, 0.72379, 1.0295699999999999, 0.47952999999999996, 0.41054, 0.71607, 0.88968, 0.41457000000000005, 0.7231, 1.1409, 0.75278, 0.45667, 0.7666000000000001, 0.40442999999999996, 0.64403, 0.65553, 0.5179900000000001, 0.8633500000000001, 0.40194, 0.41606000000000004, 1.14518, 0.90525, 0.8733599999999999, 1.1360000000000001, 0.41549, 0.7022999999999999, 0.8857200000000001, 0.48858, 1.3817599999999999, 0.53546, 1.9061299999999999, 0.53162, 0.99933, 0.49091999999999997, 0.59977, 0.45734, 0.60375, 0.49496999999999997, 0.8335199999999999, 0.64032, 0.50168, 0.4824, 0.5642199999999999, 0.43356, 8.49288, 0.52483, 0.40683, 2.74776, 0.43654000000000004, 0.74988, 1.42908, 0.47216, 0.56811, 0.42109, 0.42867, 0.51044, 0.5599999999999999, 0.55904, 0.51896, 0.42665000000000003, 0.73372, 0.79025, 1.00409, 0.49166, 0.66368, 1.42727, 0.8312200000000001, 1.9388699999999999, 0.9849699999999999, 0.48342999999999997, 5.695950000000001, 0.5015000000000001, 0.4359, 0.44320999999999994, 1.23114, 0.47023000000000004, 0.54605, 0.6473, 0.7404799999999999, 1.19545, 0.8215800000000001, 0.6006400000000001, 1.31147, 1.3817599999999999, 0.57532, 1.4855, 0.7891, 0.50333, 0.75001, 0.97708, 0.49511, 0.50539, 0.40432999999999997, 0.60103, 0.66906, 0.66368, 1.8165400000000003, 0.44774, 1.4118600000000001, 0.8931899999999999, 0.61956, 0.47434, 1.34106, 0.69999, 0.63463, 1.11851, 0.6773399999999999, 1.0112299999999999, 0.60323, 0.8338399999999999, 0.6737299999999999, 0.71626, 0.57532, 0.40467000000000003, 0.55988, 0.42109, 0.73923, 1.42908, 0.47216, 0.47099, 0.406, 0.44879, 0.47099, 1.2786, 1.10869, 0.50681, 0.40362000000000003, 0.8363, 0.41287, 0.57676, 0.56594, 0.86519, 0.48452, 0.8254299999999999, 0.86485, 0.45502, 0.469, 0.50288, 0.64396, 0.51217, 0.5367000000000001, 1.9998599999999997, 0.5011, 0.40442999999999996, 0.64403, 3.70987, 0.46315999999999996, 1.0267, 0.8125800000000001, 0.8248200000000001, 0.41000000000000003, 0.40601, 0.40974, 0.44228999999999996, 0.64403, 0.48525, 1.10869, 0.83896, 0.45163, 0.5367000000000001, 0.7039799999999999, 0.43257, 0.63069, 0.40146000000000004, 0.47330999999999995, 0.51205, 0.63796, 0.54116, 0.44111, 0.80481, 0.55449, 6.7854399999999995, 1.34931, 1.84641, 0.6432399999999999, 0.47833, 0.46323, 0.43415, 0.42457, 0.50681, 0.42255, 0.52217, 0.43376, 0.83891, 0.43139, 0.68633, 0.53601, 0.40362000000000003, 11.564720000000001, 0.45414, 0.42649000000000004, 0.74491, 0.47203, 0.50288, 0.50596, 0.91988, 1.43574, 0.48273, 0.84506, 1.5036100000000001, 0.4288, 0.60839, 2.34368, 0.45535000000000003, 0.47244, 2.51348, 0.42223, 0.60015, 0.4222, 0.50681, 0.40362000000000003, 0.51785, 0.48079000000000005, 0.46301, 1.3151599999999999, 0.47213999999999995, 3.70987, 0.46315999999999996, 0.46798999999999996, 0.5179900000000001, 0.44492000000000004, 2.5495400000000004, 0.8344499999999999, 0.40099999999999997, 0.66119, 0.48617, 7.150860000000001, 0.44380000000000003, 0.7338100000000001, 0.80503, 0.43177, 0.40635999999999994, 0.40039, 0.55182, 0.49029, 1.10073, 0.41549, 0.94979, 0.52112, 0.76242, 1.7223300000000001, 0.43971, 0.6084700000000001, 0.54111, 0.4544, 0.73746, 0.5665199999999999, 0.67999, 0.58294, 0.94108, 0.44111999999999996, 1.12758, 0.40194, 0.42034000000000005, 0.61239, 0.72063, 1.12302, 0.7726000000000001, 0.7195199999999999, 0.4044, 0.47039, 1.2466700000000002, 0.6003900000000001, 0.7230000000000001, 0.43478, 0.5179900000000001, 0.8093400000000001, 0.41748999999999997, 0.65122, 1.06155, 0.50819, 0.47792, 0.70898, 1.1666100000000001, 0.42534, 1.53132, 0.75582, 0.48266000000000003, 0.6260800000000001, 0.47590000000000005, 1.2930000000000001, 0.6121599999999999, 0.55292, 0.42872, 0.6084700000000001, 0.5260199999999999, 0.7874300000000001, 0.46343, 0.6014, 0.5360400000000001, 0.42522000000000004, 0.43099999999999994, 0.68101, 0.42819, 1.28552, 3.29739, 0.48342999999999997, 0.43177, 1.7189200000000002, 0.46829000000000004, 0.46144, 0.51039, 0.41439, 0.42659, 0.62941, 0.55385, 0.4052, 0.48168000000000005, 0.69789, 1.62086, 0.60567, 0.42549, 0.4544, 0.41390000000000005, 0.76242, 0.45731, 0.48485000000000006, 0.50344, 0.44482000000000005, 1.024, 0.4824, 0.7925700000000001, 0.7736200000000001, 2.08778, 0.51293, 0.50439, 0.46090000000000003, 0.50344, 0.42538000000000004, 0.6899500000000001, 0.65186, 0.5754900000000001, 0.76212, 0.44958000000000004, 0.6845, 5.39391, 0.47626999999999997, 0.62773, 0.45537, 0.8789699999999999, 0.40273000000000003, 0.42, 0.62298, 0.43594999999999995, 0.42881, 0.66029, 0.41287, 0.57676, 0.78911, 0.52457, 0.4878, 7.748760000000001, 1.39091, 0.55503, 8.454839999999999, 0.8162, 0.51011, 0.54128, 0.58665, 3.79119, 1.60532, 0.4451, 0.56724, 0.72512, 0.63846, 0.9144899999999999, 0.50344, 0.70174, 0.47241999999999995, 0.8310400000000001, 0.43968, 0.49051, 0.8383099999999999, 0.62468, 0.47115999999999997, 0.53654, 1.0671, 0.48429, 3.9355800000000003, 0.40790000000000004, 0.86035, 5.65256, 3.5916900000000003, 0.49563, 0.48989999999999995, 1.04787, 0.42164999999999997, 0.41390000000000005, 1.68319, 1.39974, 0.47115999999999997, 1.4166400000000001, 1.32054, 0.96699, 0.64961, 0.48212999999999995, 0.40044, 0.55652, 1.07229, 0.80143, 0.65426, 0.43925, 0.44568, 0.4544, 0.42906000000000005, 0.45064, 0.43805, 0.48118, 0.9908999999999999, 0.48294000000000004, 0.575, 0.48822, 1.26597, 0.41878000000000004, 1.89522, 0.44806, 0.43531000000000003, 