{"N_obs": 1503, "y": [1.98252, 0.40346999999999994, 0.41206000000000004, 0.72127, 2.2658, 0.8026200000000001, 1.7309999999999999, 0.42027000000000003, 0.50364, 0.64654, 0.49959999999999993, 0.40365, 0.76109, 0.7774, 0.44942000000000004, 1.14996, 0.48605999999999994, 0.41956, 0.46346, 0.5946899999999999, 0.56517, 0.42691999999999997, 0.48039, 1.3952300000000002, 0.51697, 0.5167200000000001, 0.43634, 2.49262, 1.3603, 0.46829999999999994, 0.6114900000000001, 0.48541, 0.68561, 0.56794, 1.47774, 0.63342, 1.36731, 0.8453900000000001, 0.45894, 1.16244, 0.58831, 0.50495, 0.68651, 0.5177400000000001, 0.62498, 0.75873, 0.88872, 0.43723, 0.47919, 0.66377, 0.49021000000000003, 0.42691999999999997, 0.4804, 0.67851, 0.47756, 0.72876, 0.50922, 0.8403700000000001, 0.54914, 1.6019599999999998, 3.55979, 0.44438999999999995, 1.58841, 0.72233, 0.43234, 0.5167200000000001, 0.48056, 0.44698000000000004, 0.8195100000000001, 0.69944, 1.14996, 0.48605999999999994, 0.7959900000000001, 0.54477, 0.40403, 0.7553500000000001, 8.12069, 0.45919000000000004, 1.2606600000000001, 0.45125, 0.48862999999999995, 0.7161, 0.41851, 0.48039, 0.89638, 0.41514999999999996, 0.63873, 0.5359, 0.46076, 0.4251, 0.71236, 0.43234, 0.48973999999999995, 3.02474, 0.7934500000000001, 0.6382, 0.88797, 0.65112, 0.5803, 0.73024, 0.71394, 0.41284, 0.68963, 0.43452999999999997, 0.46549, 0.41548, 0.85896, 0.40933, 0.43210999999999994, 1.16716, 0.79699, 0.42661, 0.40448, 0.51371, 0.44436, 2.29032, 0.47934, 0.42572, 0.91638, 0.46030000000000004, 0.40128, 0.74258, 0.45125, 0.72401, 0.97605, 0.89638, 0.59399, 0.6114900000000001, 0.7913899999999999, 0.45885, 0.69422, 0.44872, 0.40702000000000005, 0.48056, 0.43350000000000005, 0.63459, 0.57722, 0.60644, 0.79593, 0.79203, 0.49021000000000003, 0.58426, 0.6385, 1.08287, 0.55661, 0.83513, 0.46683, 0.73134, 0.48605999999999994, 0.5872299999999999, 0.57985, 0.7492099999999999, 1.09148, 0.76622, 2.1056, 0.58134, 0.52713, 0.51151, 0.57328, 0.64253, 0.45611999999999997, 0.54211, 0.41989000000000004, 0.50557, 0.7515, 0.9781299999999999, 0.415, 2.02388, 0.62225, 0.52526, 0.52466, 0.55238, 0.69524, 0.48744, 0.51064, 0.54055, 1.59991, 0.40412, 0.62191, 0.42998000000000003, 0.50095, 0.88602, 1.03658, 0.73923, 2.1056, 0.5779099999999999, 1.11361, 1.7341700000000002, 0.49304, 0.44677, 1.37822, 0.70893, 0.81823, 0.53315, 0.57948, 0.43369, 0.52466, 0.73107, 0.43649, 1.47417, 0.45399999999999996, 0.45905, 0.86905, 2.2658, 0.40606000000000003, 0.43964, 1.7526, 0.42244, 1.29383, 0.46124, 0.77335, 0.73012, 0.62224, 0.75546, 0.83555, 0.64253, 0.47758, 7.01458, 0.9026, 1.07918, 0.48292999999999997, 0.40066, 0.44465, 1.0955700000000002, 1.2836, 0.44878, 0.55278, 0.56837, 0.58164, 0.41483, 0.55843, 0.47314, 1.7341700000000002, 0.45348000000000005, 1.01161, 2.08775, 0.65888, 0.41403999999999996, 0.62191, 0.40395, 0.46076, 8.21663, 0.49479, 1.07463, 0.9026, 0.71489, 0.43964, 0.6491, 0.52059, 1.25565, 0.41003999999999996, 3.691, 0.40395, 0.67163, 0.42027000000000003, 0.47082, 0.49, 0.45399999999999996, 1.97756, 0.40948, 0.40395, 0.8262999999999999, 0.74879, 0.5134, 0.51276, 0.51822, 0.6282300000000001, 0.45712, 0.79255, 0.62331, 0.56601, 0.49925, 0.62076, 0.47092999999999996, 0.48805000000000004, 0.5421699999999999, 0.62225, 0.52526, 0.64202, 0.48138000000000003, 0.40457000000000004, 0.5398799999999999, 0.6173, 0.5096200000000001, 0.64363, 0.43163999999999997, 0.80682, 0.5554199999999999, 0.9368599999999999, 0.62225, 1.1155, 1.09148, 1.0759100000000001, 0.76266, 0.48897999999999997, 0.41003999999999996, 0.48805000000000004, 0.49321, 0.54008, 0.8262999999999999, 0.51962, 8.56563, 0.94285, 0.40437, 1.78291, 0.45456, 0.41956, 0.5603, 0.59001, 3.67252, 0.42941999999999997, 0.75791, 0.53203, 0.5606800000000001, 2.09321, 0.44107, 0.64478, 0.42418000000000006, 0.5978, 1.09846, 0.88346, 0.41568000000000005, 0.46038, 0.49931000000000003, 1.30028, 0.43676000000000004, 0.47232999999999997, 0.7857, 0.48963, 0.41429, 0.7387, 0.40939000000000003, 0.4493, 0.45908, 0.47729, 0.42418000000000006, 4.15282, 0.42776000000000003, 1.69804, 0.55454, 0.6228899999999999, 0.45109, 0.40188, 1.39123, 0.48963, 0.40080000000000005, 0.9291900000000001, 0.42722000000000004, 0.69603, 0.66165, 0.65796, 0.75432, 0.40548, 0.6351899999999999, 0.69729, 0.74842, 0.44327999999999995, 0.92806, 3.9306300000000003, 1.19038, 0.47112, 2.70904, 0.42941999999999997, 0.5050899999999999, 0.44107, 0.55996, 0.67569, 0.47207000000000005, 0.68939, 0.42813, 1.13327, 0.40596, 1.18532, 1.6063, 0.43834, 0.45132, 0.52963, 1.1063800000000001, 0.46598000000000006, 0.47225, 0.45109, 0.40188, 0.54618, 0.61873, 0.81292, 0.47411, 0.77325, 0.55454, 0.66492, 0.41429, 0.44126, 0.43534000000000006, 1.27545, 0.42071000000000003, 0.70887, 0.54014, 0.48917, 0.45633, 0.65513, 0.79099, 1.0175999999999998, 0.43676000000000004, 1.0055, 0.46152, 0.6677299999999999, 0.58975, 0.5295099999999999, 0.69108, 0.52786, 0.42418000000000006, 0.51168, 0.4417, 0.48437, 1.09846, 0.95428, 0.40948, 1.1553799999999999, 0.46001000000000003, 0.976, 0.42418000000000006, 0.45758, 0.58272, 1.19867, 0.61157, 1.09381, 0.50873, 1.6788500000000002, 0.5099, 0.42497, 0.61607, 0.43252, 0.46360999999999997, 0.8942399999999999, 0.5791700000000001, 0.45257, 0.50058, 0.67045, 0.6093000000000001, 0.45688999999999996, 1.82453, 0.5726600000000001, 0.5404100000000001, 0.62143, 0.91416, 0.42753, 0.5152300000000001, 0.40136, 0.43150000000000005, 0.6955399999999999, 1.13944, 0.40367, 0.44365000000000004, 0.45908, 0.42882, 4.63704, 0.9338799999999999, 0.5292899999999999, 0.50777, 0.47002, 0.71549, 0.58087, 0.47869, 4.2636, 0.47944, 0.40008, 0.62585, 0.54164, 0.48753, 0.42493000000000003, 0.58109, 0.55513, 0.7902299999999999, 0.6955399999999999, 0.40641, 0.47002, 0.67088, 0.9851099999999999, 1.13159, 0.59238, 0.41742, 1.04431, 0.64327, 8.04308, 0.51363, 0.81723, 0.90821, 0.42414999999999997, 0.74461, 0.45169, 0.42954000000000003, 0.50682, 0.43039000000000005, 0.42813, 0.59244, 40.03723, 0.5726600000000001, 0.9123300000000001, 0.70434, 3.45233, 0.71513, 0.45758, 1.12218, 0.98014, 0.76044, 0.5152300000000001, 0.45903999999999995, 0.4511, 0.5459, 1.43852, 0.45983999999999997, 0.40080000000000005, 0.55873, 0.45903999999999995, 0.42414999999999997, 1.31205, 0.49976, 0.9985900000000001, 0.43127, 0.44126, 0.43039000000000005, 0.45688999999999996, 0.45725000000000005, 0.5276000000000001, 0.44617, 0.50786, 0.54164, 0.41532, 0.5204, 0.7772699999999999, 0.66768, 0.61161, 0.50988, 0.41046, 0.41747, 0.5295099999999999, 0.85644, 0.4374, 0.40987, 0.4234, 1.05336, 0.6176499999999999, 0.43039000000000005, 0.40367, 1.3043, 0.4511, 0.60171, 0.46001000000000003, 0.44938, 0.4608, 0.46857, 0.45078999999999997, 4.126189999999999, 0.42614, 0.54029, 0.41907000000000005, 0.57135, 0.78543, 0.6526500000000001, 0.61084, 0.6691199999999999, 0.6592899999999999, 1.00067, 0.98817, 0.60099, 0.41167, 0.48255, 0.42493000000000003, 0.44636, 0.40231, 0.44443, 0.5081300000000001, 0.75786, 0.6276999999999999, 0.78549, 0.513, 1.25281, 0.81618, 0.5736899999999999, 0.53972, 0.40593, 1.2580900000000002, 0.5264800000000001, 0.55492, 0.42527, 1.37116, 1.18936, 0.41603999999999997, 0.59499, 0.54806, 0.64751, 1.49563, 0.5152300000000001, 0.53134, 1.29694, 2.00705, 0.71574, 0.43127, 0.42145000000000005, 0.64319, 0.51962, 0.42031, 0.70802, 0.45688999999999996, 1.82453, 0.55443, 0.91093, 0.5801299999999999, 0.52526, 0.46721999999999997, 0.43834, 0.68689, 0.45235, 0.6449, 0.513, 1.25281, 0.57851, 1.92203, 1.96305, 0.66348, 0.52858, 0.54701, 0.41167, 1.1898199999999999, 0.44317, 0.53972, 0.51064, 1.3952300000000002, 1.13985, 0.51439, 1.80103, 0.8589100000000001, 2.18594, 0.48712, 0.62982, 0.75963, 0.9235099999999999, 0.494, 3.43375, 0.55694, 0.45786000000000004, 0.73271, 0.8319, 1.28453, 0.69124, 0.56794, 0.77613, 0.61118, 1.11246, 0.73942, 1.5722900000000002, 1.0122600000000002, 0.80001, 0.7941999999999999, 0.75786, 0.40987, 0.40829000000000004, 0.51747, 0.53928, 0.7139000000000001, 0.41307, 0.48012999999999995, 11.04185, 0.48991, 1.7232500000000002, 0.60099,