{"y": [0.004478470000000002, 0.004369132894736844, 0.003328552894736842, 0.0031419455263157884, 0.0029878710526315784, 0.002388200526315789, 0.0020778702631578947, 0.0020554665789473685, 0.002052511842105264, 0.0032226386842105254, 0.002798136842105263, 0.0022485697368421053, 0.002372053947368421, 0.001996733947368421, 0.0015842115789473682, 0.0014280392105263157, 0.0016038076315789474, 0.0010487626315789473, 0.004334167894736843, 0.0020958049999999996, 0.0029150207894736825, 0.0025933918421052627, 0.0022168686842105267, 0.0027208994736842105], "sigma": [0.00020744000570090351, 0.00019500342723489627, 0.00018120732950507848, 0.0001807892124571218, 0.00019517599176562146, 0.00019425990530789165, 0.00014387987321935272, 0.00017832172416337792, 0.00015795860200411023, 0.0002297212901106954, 0.00020572047697832094, 0.00021351250908643488, 0.000220275205922176, 0.0001960415794296955, 0.00017758488963072908, 0.00018018236424413125, 0.0002101117815106969, 0.0001608153896264821, 0.00032237425059135263, 0.00025659748167467205, 0.000357008031115752, 0.0004050953274637046, 0.00047712688951421513, 0.0006585301311819198], "u": [0.325, 0.35, 0.375, 0.4, 0.425, 0.45, 0.475, 0.5, 0.525, 0.55, 0.6, 0.65, 0.7, 0.75, 0.8, 0.85, 0.9, 0.95, 1, 1.25, 1.5, 2, 3, 5], "v": [0.35, 0.375, 0.4, 0.425, 0.45, 0.475, 0.5, 0.525, 0.55, 0.6, 0.65, 0.7, 0.75, 0.8, 0.85, 0.9, 0.95, 1, 1.25, 1.5, 2, 3, 5, 10], "N_obs": 24}