{"y": [0.004209866052631579, 0.003899518684210527, 0.003339083157894739, 0.0038320657894736843, 0.0026713649999999993, 0.0024832942105263165, 0.0020789639473684208, 0.0017388886842105266, 0.001824900789473685, 0.002854479210526314, 0.002785803421052632, 0.0024725050000000007, 0.0017016207894736842, 0.001892122894736842, 0.0018471542105263162, 0.0011493565789473684, 0.0014667471052631582, 0.0010990626315789476, 0.004887664473684211, 0.0028925447368421055, 0.003578079473684211, 0.0025710818421052625, 0.0022884355263157897, 0.00244667947368421], "sigma": [0.00017188045382769392, 0.00020935704024955986, 0.00018901215860996597, 0.00019418217495771714, 0.00017165049932725288, 0.00015997157502440257, 0.00014992013463211413, 0.00014930027682370065, 0.00016211519693689559, 0.0002123661930696663, 0.0002130278704871661, 0.00018335753638190714, 0.0001931335875711974, 0.00019667050971640195, 0.00019350538281627216, 0.0001639209784805421, 0.00019192724806281703, 0.00016062026802677405, 0.0003374049992941459, 0.000331646830191306, 0.0003823302396147672, 0.0003772525046648743, 0.00045244359789928566, 0.0006337913510369785], "u": [0.325, 0.35, 0.375, 0.4, 0.425, 0.45, 0.475, 0.5, 0.525, 0.55, 0.6, 0.65, 0.7, 0.75, 0.8, 0.85, 0.9, 0.95, 1, 1.25, 1.5, 2, 3, 5], "v": [0.35, 0.375, 0.4, 0.425, 0.45, 0.475, 0.5, 0.525, 0.55, 0.6, 0.65, 0.7, 0.75, 0.8, 0.85, 0.9, 0.95, 1, 1.25, 1.5, 2, 3, 5, 10], "N_obs": 24}